{
  "mean": [
    0.9185010194778442,
    0.9215364456176758,
    0.9199429154396057,
    0.8966063261032104,
    0.8927235007286072,
    0.8738688826560974,
    0.8685363531112671,
    0.8680619597434998,
    0.8588721752166748,
    0.8796050548553467,
    0.8569474816322327,
    0.8460202813148499,
    0.8550781607627869,
    0.8480961322784424,
    0.8544918894767761,
    0.8129225373268127,
    0.7442731261253357,
    0.7510139346122742,
    0.7814093232154846,
    0.7788960337638855,
    0.7918254733085632,
    0.7981359362602234,
    0.7909638285636902,
    0.7839198708534241,
    0.7720279097557068,
    0.7974755764007568,
    0.7922713160514832,
    0.8001053333282471,
    0.8054448962211609,
    0.8088324666023254,
    0.8088324666023254
  ],
  "std": [
    0.6304357647895813,
    0.6432090401649475,
    0.6362718343734741,
    0.6303002834320068,
    0.6477201581001282,
    0.6493862867355347,
    0.6315788626670837,
    0.638366162776947,
    0.6485629081726074,
    0.6740332841873169,
    0.6355916261672974,
    0.6432037949562073,
    0.6537173390388489,
    0.6520229578018188,
    0.6492764949798584,
    0.6325995326042175,
    0.5882319211959839,
    0.5866900086402893,
    0.5905939936637878,
    0.6098216772079468,
    0.6073009967803955,
    0.6054894328117371,
    0.60093754529953,
    0.598803699016571,
    0.5708020329475403,
    0.5693498849868774,
    0.5742073655128479,
    0.5808568596839905,
    0.6107883453369141,
    0.5969922542572021,
    0.5969922542572021
  ],
  "min": [
    0.07168721407651901,
    0.05734513700008392,
    0.0675593763589859,
    0.061642661690711975,
    0.05600076913833618,
    0.054926738142967224,
    0.054926738142967224,
    0.054926738142967224,
    0.054926738142967224,
    0.054926738142967224,
    0.054926738142967224,
    0.054926738142967224,
    0.054926738142967224,
    0.054926738142967224,
    0.054926738142967224,
    0.054926738142967224,
    0.051387540996074677,
    0.05480807274580002,
    0.05480807274580002,
    0.05480807274580002,
    0.05480807274580002,
    0.05437437817454338,
    0.05386572331190109,
    0.05145670101046562,
    0.054926738142967224,
    0.05145670101046562,
    0.054926738142967224,
    0.054926738142967224,
    0.06332699954509735,
    0.06332699954509735,
    0.06332699954509735
  ],
  "max": [
    2.176398992538452,
    2.182453155517578,
    2.2053120136260986,
    2.1624886989593506,
    2.195369243621826,
    2.142653465270996,
    2.0846729278564453,
    2.1251189708709717,
    2.1193976402282715,
    2.178006410598755,
    2.0885775089263916,
    2.2248477935791016,
    2.2291455268859863,
    2.2636308670043945,
    2.208202838897705,
    2.208202838897705,
    1.6504186391830444,
    1.684954285621643,
    1.8461802005767822,
    1.8524891138076782,
    1.8536094427108765,
    1.7409083843231201,
    1.8198421001434326,
    1.7466832399368286,
    1.7466832399368286,
    1.7833192348480225,
    1.7833192348480225,
    1.7833192348480225,
    1.8197146654129028,
    1.7833192348480225,
    1.7833192348480225
  ],
  "n_runs": 27,
  "n_clusters": 16,
  "tau": 0.1
}