{
  "mean": [
    2.3242924213409424,
    1.9968522787094116,
    2.0308382511138916,
    1.9571119546890259,
    2.018918037414551,
    1.9516212940216064,
    1.935056447982788,
    1.7986077070236206,
    1.9228953123092651,
    1.812105417251587,
    1.777619481086731,
    1.875280499458313,
    1.8006572723388672,
    1.9946625232696533,
    1.8654850721359253,
    1.8687717914581299,
    1.6474305391311646,
    1.9266209602355957,
    1.9311012029647827,
    1.8130340576171875,
    1.84904146194458,
    1.8403993844985962,
    2.014000177383423,
    1.8192297220230103,
    1.8550176620483398,
    1.9049314260482788,
    1.9758189916610718,
    1.880114197731018,
    1.8335613012313843,
    2.0098750591278076,
    1.924909234046936
  ],
  "std": [
    0.19001364707946777,
    0.4113931953907013,
    0.4025287628173828,
    0.4454081058502197,
    0.486819326877594,
    0.4607795476913452,
    0.5303570032119751,
    0.5184513926506042,
    0.5084091424942017,
    0.5350557565689087,
    0.556877613067627,
    0.5187899470329285,
    0.478075236082077,
    0.33759036660194397,
    0.4701736271381378,
    0.5024029016494751,
    0.4690130949020386,
    0.41651031374931335,
    0.44255390763282776,
    0.5365684628486633,
    0.49357369542121887,
    0.5562558174133301,
    0.42058655619621277,
    0.5158262252807617,
    0.5376489758491516,
    0.4768426716327667,
    0.40659788250923157,
    0.4058232307434082,
    0.48086556792259216,
    0.393412709236145,
    0.3261059522628784
  ],
  "min": [
    1.8891041278839111,
    0.9091506004333496,
    0.8608411550521851,
    0.6009013652801514,
    0.7724037170410156,
    0.8394057750701904,
    0.6585720181465149,
    0.6182135343551636,
    0.9510436058044434,
    0.911596417427063,
    0.6979427933692932,
    0.7371536493301392,
    0.8475654125213623,
    1.3360629081726074,
    1.040358543395996,
    0.8019751310348511,
    0.9078960418701172,
    1.1098562479019165,
    0.890936017036438,
    0.9135314226150513,
    0.985089898109436,
    0.778522789478302,
    1.1626720428466797,
    0.8199387788772583,
    0.9024340510368347,
    0.9572815895080566,
    0.9876170754432678,
    1.04219651222229,
    0.8033325672149658,
    1.1202130317687988,
    1.1644742488861084
  ],
  "max": [
    2.662374496459961,
    2.528467893600464,
    2.635364532470703,
    2.5918169021606445,
    2.5631203651428223,
    2.537466287612915,
    2.610661506652832,
    2.4930217266082764,
    2.527128219604492,
    2.509838819503784,
    2.50081467628479,
    2.6461856365203857,
    2.4825854301452637,
    2.5272433757781982,
    2.4455857276916504,
    2.601808547973633,
    2.2985854148864746,
    2.594571590423584,
    2.540468692779541,
    2.541698932647705,
    2.563493251800537,
    2.6145806312561035,
    2.598583459854126,
    2.513608932495117,
    2.5551724433898926,
    2.5716779232025146,
    2.5320394039154053,
    2.4164721965789795,
    2.529024124145508,
    2.530808687210083,
    2.4244747161865234
  ],
  "n_runs": 27,
  "n_clusters": 16,
  "tau": 0.1
}